run,final_value,mdd,mean_daily,vol_daily,turnover_total
backtest,2.718576784390623,-0.1463000081726613,0.0016937662737055888,0.03976840269202441,4.431270611658286
