portfolio,sum_w,max_w,top2_w,hhi,effective_n
max_sharpe,1.0,0.19999999999999987,0.39999999999999974,0.17419180739219997,5.740798117723522
robust,1.0,0.19999999999996554,0.39999999999866187,0.14188995935474846,7.047715035986682
