portfolio,ret_daily,vol_daily,rf_daily,sharpe_daily_excess
max_sharpe,0.0009429827512576498,0.004191737039159958,0.000169143655534084,0.18461060140324223
robust,0.000943001953787573,0.0041919220501508295,0.000169143655534084,0.18460703443320106
