ret_daily,vol_daily,rf_daily,sharpe_daily_excess
0.001203648231566504,0.0017373903345634897,0.000255708719199625,0.5456111349928995
